"Timestamp","Gender","What is your role?","Based on the digital skill that you chose, explain why with the following criteria:

1. What is your hobby that relates to the chosen digital skill?
2. What is your future job, and is it related to the digital skill you chose?
3. Why did you decide to pursue this digital skill?

*Required words: 10-20 words for each question."
"2022/11/21 7:33:12 pm GMT+8","Male","Student","My hobby is game development; therefore, programming is a natural match. I want to become a Game Developer through acquiring programming skills. To pursue and appreciate my passions in the future."